동사,빈도
하기,3205
하여,16418
된,6399
매달린,3
하고자,481
하는,3963
한다,34193
될,338
다듬는다,71
시키기,214
맞게,297
기를,773
가,142
가하여,32
따라,3715
할,2128
되는,1175
시키고,397
넣고,221
입혀,11
튀기거나,3
되도록,336
경화시킨다,8
시키는,158
와,258
맞는,239
짜기,17
해,547
풀어서,3
만든다,235
심어주는,1
갖도록,7
쓰이는,17
가에,8
출,215
되었는지,103
보내기,13
하며,1492
도를,134
거친,103
깎아,21
가르치기,7
가르친다,38
따른,634
시켜,381
용전기,1
깎아주기,1
맞는가를,4
구겨진,1
늘인다,1
내고,18
펼쳐,22
시킨다,799
벗기는,7
되거나,46
높이기,95
찾아,48
되어,316
씻어,13
낸다,223
시키거나,29
감는,43
맞춰,80
재구,16
잘게,14
자른,14
맞도록,68
부풀리는,2
보살피고,4
돕는다,111
새기고,2
세우고,63
감시용,3
서에,104
피용,1
깎아내고,5
다듬질,19
무너지는,1
매단,2
늘려주는,1
끝난,142
섞어주기,1
맞추어,202
뿌리는,2
끼워,73
바꾸기,6
뚫고,23
나오는,77
튀기는,4
고를,8
받아,254
개질기,5
받,3
드는,3
않는,51
이르는,13
이루어지도록,45
이루어지는,17
채우고,32
해서,181
하는데,59
만드는,85
보면서,24
통기,6
다듬고,25
쌓거나,6
쌓는다,24
되는지,123
따르는,13
얻을,8
보여주고,4
보여준다,5
만들어진,36
하면서,213
가려주고,1
꾸민다,3
보다,13
찾아보기,1
쉽도록,14
잘라내는,2
시킨,147
거치면서,8
찾고,19
꾸미기,2
알려주는,6
알린다,49
알리기,10
가리는,2
갖출,1
해야,45
출주마,3
몰아가도록,1
다친,2
달려야,2
비전,15
밝히고,2
쓰인,6
내리고,20
이루어진,19
나타난,28
살펴보고,19
입고되,9
담기,4
가에게,3
읽고,61
높이면서,1
감아서,8
하는지,208
잘라,50
하면,232
파운,6
했을,20
주어진,25
깎거나,2
끌어서,1
넣음,2
거칠게,3
옮긴다,18
압축시키는,2
잘라주고,2
침지하는,2
크,25
입고,124
도와주고,4
산하,6
하고,453
진다,23
들어간,2
하도록,349
만든,55
쌓아,14
올려,70
입히는,7
덮는,2
나가고,1
들어오는,8
심고,11
얻기,35
넓히기,5
쉽게,29
자르는,11
뚫는,13
탄,46
탄하기,1
합하여,19
알기,15
싣고,15
뽑아내기,2
되기,23
거쳐,104
한,227
이를,190
지닌,5
받은,80
뿌리거나,7
문지른다,14
내며,3
갈라진,10
입혀서,2
가꾸는,1
노거수나,1
바라,2
깎고,12
부른다,7
쌓기,12
메우기를,2
끌어,40
올리고,45
내리는,11
잡는,5
감긴,82
떼어내고,13
새겨,4
넣는다,166
하려는,37
삼아,2
맞추기,37
하게,84
쓴다,7
해에서,1
하기에,7
잇는,6
해용,1
걸친,10
책임지고,7
되면,855
생겼을,8
치를,79
놓는,7
놓는다,108
빠진,15
끄는,1
받고,101
일으켜,3
세우는,7
출과의,1
돌거나,1
시킬,39
되어있는,1
클,9
만들고,59
알려주며,4
갖는,14
가지는,10
들어가기,4
묶어,19
깔아놓고,1
붙여,26
경화시키기,6
입히기,9
되지,127
않은,101
모아,26
식세,2
심재를,2
하지,106
않도록,220
짓는다,1
돌본다,8
읽어주거나,4
갖고,10
배수용,1
서,5
쉼을,1
지에,33
질하는,2
살리기,3
키워진,1
바로잡기,3
다리는,1
바로잡아,1
주고,38
잡는다,20
겪는,5
긴다,1
삶아서,1
심어,8
짜는,12
가진,36
팅기계,1
기거나,1
넣어,219
끼운신,1
되고,93
남은,42
나온,42
되,26
받는,14
쓰거나,3
갈음,1
춘다,2
잘린,4
집어넣고,9
묻어,13
박리,14
잘,89
견디도록,1
입히거나,5
키우기,6
다지는,4
이루어지고,13
서가에,2
돕고자,1
깨뜨린다,1
그려,16
굽기,2
다듬기,13
깨지기,2
담아,54
밀어내거나,1
고르기,3
걸려있는,1
벗기며,1
출한,9
감아주는,9
구를,128
들려준다,1
그려졌는지,2
켜거나,1
경사지게,4
자르고,44
파는,8
내려앉거나,1
기울어진,3
뒤틀림,8
기울임,1
바로잡고,2
오르는,2
세운다,125
넣는,16
뜨,3
불림,5
줄여,1
넘어지지,3
맡아서,2
두고,14
벗기고,4
짜던,1
이어,18
타면,8
사를,54
말아주는,1
놓은,17
맺은,4
찾아내,5
외기,3
데우기만,1
끝나는,3
익히는,2
새긴다,5
높이거나,3
줄이기,10
입힌다,20
볶는,2
타면기,2
씌운다,18
시키면서,20
뒤집어서,4
감거나,5
긴,10
팅기계를,2
큰,45
차전지의,2
차전지를,3
차전지에,1
높인,2
올린,9
용기기에,2
들을,6
접안,17
높일,11
바르는,11
이끌어,8
지키도록,1
합하기,3
익힌,2
그려진,12
해주고,9
끊어진,67
주는,47
책임진다,16
빈다,1
질하여,6
씌우는,4
막힘,1
긁고,1
고르는,6
돌린다,40
골라,18
만들고자,10
자른다,48
남아있는,11
벗겨내는,3
타기로,1
쳐,11
밀어주는,1
용재,10
죽데기,8
뚫는다,28
다듬는,5
않게,30
만드는데,3
밝혀낸다,1
붙이는,9
자르기,14
걸쳐,24
식재,16
베기,5
받지,9
않고,33
내는,19
짜고,5
가는,23
돌려,104
높이도록,4
채란,3
들의,3
바른다,52
일어나는,21
섞인,5
맞춰서,3
빠지지,7
바르고,33
그리거나,7
드리퍼,2
이루어질,32
걸쳐서,5
탈하,1
띄워,1
쪼이게,1
문질러,9
갭을,1
사한,1
벗겨,7
주고받기,1
앉힐,1
받쳐주는,2
태워,3
풀리,5
만들어,61
출하하거나,1
용재와,1
뽑아내는,5
낸,25
받으며,6
스며드는,5
막재,2
바르거나,7
움직이는,18
집진,22
퍼내는,1
높이는,15
갈거나,4
와셔,7
만들어지는,3
했거나,2
입는,2
바꾸고,5
밝힌다,3
만들,7
녹인,8
불용,5
입힌,6
감쌈,2
밝히기,4
뚫어진,5
넓히거나,3
비벼서,4
깨짐,3
뚫기,5
보세,17
뽑아내,1
기거하는,1
보살핀다,3
되었는지를,18
되어야,4
갖추고,7
내리거나,8
싣는,8
접고,5
알려,45
준다,191
받는다,173
받기,20
묶어서,4
집하여,3
해내기,1
떠오르게,1
갈라지지,2
달려,3
생기는,13
모으고,3
내어,4
부를,45
찍는,3
담는다,67
탐지하거나,2
출하기,4
주고받는,3
쌓는,6
걸러,19
돕고,22
오그라들거나,1
가하는,6
꿰매거나,1
박는,5
통기의,1
끼우고,75
묶는다,36
붓는다,24
본다,17
가꾸기,1
받았을,3
쌓기를,2
메우기,4
임지의,3
돕는,4
가까지,2
붙지,8
입힐,1
출을,14
떼어내어,9
짓고,2
다듬어,9
해주는,12
먹,7
심거나,2
다듬거나,4
집진기,7
출거,1
하다,18
지,11
설계을,2
선주,21
구부리는,2
옮겨,32
그려지지,1
낮추기,3
크잔,2
찾아내고,15
고르지,14
막기,29
늘이는,1
해내는,3
세당,3
용전로,3
용전,2
접는,4
보여주기,2
보여주는,5
고르,3
들여,4
커인,2
붙은,11
풀어,26
태우는,3
헤쳐,3
다듬어서,7
벗긴다,8
맡게,2
하기도,1554
뜨지,1
다룬다,9
생긴,19
다듬,11
가꿔주기,1
모를,15
깔고,11
믿고,1
깎는다,19
지시치와,1
죽은,7
개질과,1
고르게,51
떨어져,7
대,15
되기까지,2
쓰고,4
안정화시키기,2
도와준다,18
싣기,1
쌓인,9
치우고,6
고른다,15
갖춘,16
팜의,2
들고,4
흔들리는,1
늘리고,3
보도용,2
갖추어,17
시키도록,10
클라,4
쳐진,1
빼내어,13
감아,38
얻고,6
배우는,2
타는,3
마친,31
다루는,9
움직일,5
일으키는,5
팜,7
맞추는,2
깎아내기,1
만들거나,13
가서를,2
뽑아내어,3
시키며,25
않을,24
끓는,4
비해,4
가하면,1
바른,17
어러,1
받이를,2
지를,88
붙인,11
꿰매기,1
올라,3
다져주는,3
피니셔를,3
출하거나,3
부각시킬,1
담겨진,6
빼내서,2
박는다,15
보여줄,5
잡아주고,1
만들도록,1
도와주는,5
어울리는,19
보면대,1
해주며,2
담거나,9
치는,7
설계하거나,5
치입하고,2
가해서,4
받아서,6
움직이기,3
높아지면서,1
만들어내기,2
흘린다,1
크며,1
되어있어,1
얻거나,1
벌어진,2
닫기,1
뜨기,3
감는다,49
기르고,3
끌어오는,1
따고,3
띄우고,1
치어,2
넓히고,2
달려있는,1
알림기,1
만들어주는,3
빌려주기,1
끝나면,125
빌려,4
듣고,29
밝히는,3
잇는다,36
어린,3
펼치는,2
닦는,3
겨진,10
본을,16
늘리거나,2
감는데,1
들어온,7
젖은,2
쓰는,20
본,28
잡힌,4
둔,18
가할,2
떨어진,11
된다,25
일을한,1
차기구,1
붙이거나,8
올이,4
풀어지는,1
이루어졌는지를,2
커,15
팅기를,4
뚫거나,4
보내오는,2
재가노,2
보살핌을,1
용당,5
선주와,8
담아서,7
자재용,1
입재를,1
모으기,1
받거나,17
단련,4
가르칠,2
보여주면서,2
하기를,4
지에서,3
집재지,2
재재,1
매긴다,5
벗기기,2
적재하거나,7
걸어주고,5
풀어놓는,3
벗김,3
끼운다,80
떠내어,2
늘려,1
갖게,4
이르,2
낮추고,8
사와,10
살려,6
높인다,17
들어있는,8
싣거나,12
나르는,2
가구용,2
되는데,2
인수주,1
깨워,1
내주는,1
맞춘다,89
볶고,1
남겨진,2
분말용,1
감싼,4
출되,10
돌보는,1
찾아내기,11
짜거나,2
들어가는,5
뜨고,3
거치므로,1
맞추고,29
안정화시키며,1
돋우기,1
합하거나,1
험자,5
채우는,7
경사진,3
찍어내기,1
높여주고,1
잠금,3
나타나는,19
자르거나,6
파거나,2
묻음,2
섞어,16
펴는,1
가습,8
하려고,3
고치실에,1
굽는,4
차대,2
없애기,8
바꾸거나,6
줄일,3
나타내기,1
뒤집는,2
작동시켜,76
놓기,2
자용,12
입고자,1
막는다,10
깎은,1
입노에,1
탄을,11
이어가도록,1
모으는,4
막힘이,3
적은,8
좋아졌는지,1
적재기,2
시키는데,1
가를,14
겪은,1
바뀐,1
찾아내어,10
부러시,2
잡도,2
붙여주는,1
씌우고,10
구부리기,3
부러진,6
접어주기,1
잡아,13
뽑는,2
사하는,1
해도를,6
가진다,3
아울러,1
멤,7
쪄서,4
섞기,2
굽는다,5
뿌린다,21
작용시켜,1
산테이,2
켠다,15
켜진,1
탄기,3
함기,3
벗겨내고,4
가꾸며,1
식재하거나,1
심는,5
뽑고,3
짜내는,1
찍고,3
걸려,5
알아보기,18
보내는,9
물들을,7
얻은,9
섞이지,3
맞는지를,3
묶거나,7
나누며,2
붙인다,48
떼어,33
통기도,2
찍어,13
묻은,29
보수하거나,8
파내는,1
넣거나,11
잡은,5
벗어날,1
편매,2
붙이기,7
쳐서,6
뽑아내고,4
시켜주는,3
들이,48
해준다,28
담근다,16
만들어서,7
삶는,1
해기,2
지거,1
이루어지는지,108
되었거나,7
떼내어,1
가르치는,1
보내어,4
녹여,13
모으려고,1
돌면서,2
모은다,4
볶은,3
짠다,11
탈자,3
갚지,2
받아내는,1
적치,8
골구,3
구부려,3
들어오고,1
나가는,4
무실,1
기계실에,2
찍어낸,2
막아주는,1
접기마,1
담금,5
갈,7
짜서,3
가르치고,9
가지도록,8
보내진,1
나오게,4
쌓아서,2
바꿔주기,1
바꾸는,5
얻어진,17
비전리,1
쓴,6
줄이는,5
놓거나,10
펼치고,5
채워,26
열려있는,1
보내온,2
엉클어지는,2
깔거나,1
써서,8
나도록,5
찾아가는,2
기르기,1
다심,3
설하기,2
나게,1
전해지를,1
다진다,7
설하는,2
펼쳐서,3
깔아주는,1
섞으며,2
나타낸다,4
크라,12
크사,1
오그라지게,1
묻거나,2
알아내기,13
들어,50
올리는,13
거쳐서,4
올려서,3
모아서,5
맞는지,24
돌아갈,1
바꿔주는,3
묵기를,1
됨으로써,2
견딜,5
매는,7
얽어,5
설하여,1
바름면을,2
세우기,6
빠뜨려,1
담은,15
벗겨지고,1
익혀,4
맺고,2
모은,3
잘랐을,1
용실을,1
튀기고,1
굽거나,1
담는,1
채운다,43
실리테,3
풀어주기,4
씻어내며,1
펴주는,1
퍼내기,1
돌봐주고,1
펴기,3
둘러싸는,1
나가거나,3
빠지는,6
맞지,12
짠,8
띄운다,2
열하기,1
합지하는,1
이르기까지,6
받을,15
받고자,3
바꾸어,7
산가의,1
튀김기,5
이끌며,1
띄고,1
넓히는,1
닦고,11
고치거나,1
합해,2
흔들리거나,1
기울어지고,1
뒤틀어진,1
드러낸다,1
운전하거나,2
가르치며,2
찾은,3
기르게,1
그리는,6
메우는,2
깔기,3
메워,1
무침,1
떠서,3
합쳐주는,1
홈파기,1
이루어졌는지,7
타기를,1
선주를,1
설계안을,5
열리는,4
가질,3
해의,2
얻어지는,4
알려주고,5
먹이기,1
부풀어지면,1
뜯어서,2
부풀리고,1
깎기,7
지니는,2
해도,2
되며,16
쏠림,2
닮은,1
보내,26
싣도록,1
부리기,1
누른다,27
부리는,1
올려놓고,87
녹는,2
보낸다,126
시키,18
열어,169
묻어있는,6
벗겨진,2
놓고,120
놓인,3
밀어놓는다,1
접는다,3
밀어,59
올려놓는다,102
찌그러짐,1
묻힌,4
닦아,32
걸고,49
들고자,1
닿지,2
당겨서,5
내려놓고,2
내린,8
빠져나온다,1
걸려오는,5
출기에,2
담기도,2
매달려,2
받아야,2
지나면,21
나오면,14
옮기고,6
가거나,3
않아,2
스며든,2
열고,176
꺼내,26
따라야,1
지나다니거나,1
지나가는,3
와서,1
경화시키는,1
닫고,32
일으키도록,1
뚫어,6
생기도록,1
잠그고,11
뜬다,5
집어,7
펼쳐진,3
접어서,5
박아주고,1
풀리지,7
쌓은,1
끌어내려,1
식힌다,5
꽂는다,9
펴서,11
밟는다,4
멈출,1
움직인다,6
튀어나온,6
담궈,6
담가,18
꺼낸,4
걸어,55
빗니,1
담그,1
잰다,8
클이,1
꺼내준다,1
내림,6
꺼내어,35
보내고,16
알리는,11
흐르는,11
개질,6
얻는,4
잡아당겨,12
새는지를,1
자재인지를,1
가에서,1
알려주기,1
나누어,16
새는,9
섞음,1
잠그어,1
끄고,8
올리거나,22
두어,6
조이거나,4
떨어지는,9
빼내,4
흔들리지,5
불어내어,1
살피거나,2
익히기,1
내주고,21
골라내어,2
내려,23
서는,23
작동시키는,5
찾아낸다,16
찍힘,5
긁,16
걸거나,11
눕혀,1
누르면,1
내려와,3
빨아들인다,1
작동시킨다,47
만져,9
뚫은,2
져,1
뚫린,7
당겨,30
꽂아,2
세워,16
펴놓고,3
떠,6
펴고,10
바로잡는다,2
접히는,1
다리거나,1
두드려,16
뽑을,1
조임,13
밟아,21
멈춤,5
빨아들이며,1
올라가,4
몰거나,2
닫는다,13
않으나,1
어리,1
말려서,1
벗겨지게,2
내주어,1
죽거나,5
병든,11
퍼지는,2
이루어지면,6
걸려서,3
오면,5
나고,1
되는지를,12
쓰일,14
본수,2
걸대,4
감기도록,5
올,3
나타내는,15
살피면서,1
풀어놓고,1
침줄을,1
바꿔,3
눌러,116
파낸다,5
썬,1
돌보거나,1
켜준다,4
가하며,1
보이도록,5
적힌,2
꽂고,4
갈라놓고,1
맞대어,4
꿰맨다,13
물려,2
꿰매고,5
꿰맨,2
접은,3
뚫어놓은,2
차면,6
뺀다,2
빼는,2
넘어오는,1
물릴,3
만들면,1
도와주기도,1
나와,4
물린다,11
골라내고,4
씻은,3
익히거나,5
볶는다,2
끓인,4
섞는다,4
누르면서,3
치입,3
갭,5
얻는다,11
뒤집어,13
끼울,2
덮는다,17
박거나,6
고치는,2
살펴,9
털어,6
뿌려,12
부서진,5
살핀다,13
묵은,3
긁어,9
섞거나,1
메움,1
하는지를,28
돌려준다,2
올려놓아,3
당겨주거나,1
구부린다,8
갈라짐,3
입기계를,1
해보아,1
나오는지,7
닿는,2
나지,5
보거나,9
나오지,6
않으면,9
빼고,7
두드려가며,1
커로,1
찌르거나,2
씌워,3
씻어내고,3
탈거하고,2
될수,1
적시에,3
서를,7
달아오른,1
담겨,2
들어오게,1
끼우는,5
시켜서,12
시켰다가,2
나타낼,2
삼는,1
막는,3
바를,4
용재를,5
나눈다,5
다듬은,1
설계사,2
접수하거나,2
지시하거나,13
외사,1
자를,17
이끌어내거나,1
했는지를,2
나면,8
놓치지,1
보이는,7
찾는다,20
버리,1
따져,1
다룰,1
해보거나,1
넘겨받을,1
앉기,3
일어서기,1
멘,1
가하면서,7
갈린,1
먹줄을,4
먹을,9
쌓고,6
박고,5
떨어져서,1
달대,1
오게,8
맞추며,2
들어가게,6
익힐,4
찍힌,2
돌리고,6
든,5
흔들어,7
열리도록,1
출주하거나,1
들어올,6
갖추도록,1
울릴,1
인수하거나,3
돕거나,1
이룰,5
간하거나,2
조를,3
끼워진,3
조인다,29
닦는다,20
끊어지면,8
새실을,1
붙들어,1
잡아당긴다,12
잇고,11
분말수지를,1
들어오면,17
돌아오는,2
이루어지,1
닫아,7
물려서,2
품은,16
넘긴다,9
담그거나,3
갖추어야,1
되돌려,4
맞고,2
불러주고,1
흐르도록,9
작동시키고,44
맞닿는,2
좁힌다,2
섞은,5
담근,8
닦아내고,5
감은,14
덧붙인다,1
누르고,5
꺼낸다,23
떨어뜨리는,2
섞는,4
와셔를,4
찢긴,1
늘어놓는다,1
달라붙은,3
녹이,3
끼는,1
끼었을,1
식히기,2
나가서,2
붓고,15
올려진,1
합하도록,2
품용,1
두드려서,4
흐르게,3
거칠기,1
해서로,1
뜨임,4
불림이나,1
묶여있는,1
끊는다,2
들어가도록,7
침지한,1
침지가,2
적어,1
떨어뜨리기,1
가둔다,2
덮어,10
자라면,1
심는다,11
나타낸,5
뛰어넘기,2
뛰기,1
돌리기,2
타기,4
뿌려주고,1
싸거나,2
담고,12
걸어놓고,1
흘려주기,1
합지기에,1
맞출,2
따라다니며,1
건네준다,4
다니며,2
그립,3
어울리도록,1
하던,1
드러나지,1
부쳐진,1
감사하고,1
빠지도록,1
끼운,15
잡아당기면서,4
두드리,1
둔다,12
구부리거나,6
맞대기,3
묻혀,11
매만져,1
가며,3
자름실을,2
잘라서,6
둘러보고,1
풀어지지,10
치주,2
설용,1
받으면,14
늘리면서,1
싼다,3
붙도록,2
두드리는,2
품신,1
나타나면,7
치우거나,1
올려놓도록,1
뿌리면서,2
갈구리,1
찢어지거나,1
부러지는,2
받쳐,2
맨다,6
이뤄지는지,1
꾸려가기,1
잔사,4
싣는다,10
깔아,7
신고수리,3
움직이거나,4
덧붙이고,2
집고,1
당기면서,2
찾아내며,1
얻어,6
얻기도,1
보는,3
만들어지면,2
만나서,2
매시,3
받치고,2
하였을,3
심도,15
출수,2
심도와,1
얹거나,4
세어,4
집어넣는다,13
가려내는,2
밀어서,4
쏟아,8
지켜야,4
켜고,11
않고도,2
떨어지거나,5
안정화시키고,1
쓸,3
감도,5
내릴,3
잃게,1
됨,6
집어내고,1
집어놓고,1
채우기도,4
읽어,5
깨진,7
긋고,6
탐,8
나올,7
출소,1
매다는,16
익히도록,1
가르치,5
사하기,1
나누어서,3
벗겨지지,1
하는지와,3
뿌린,4
온다,5
해주거나,2
붙어,15
찢어진,4
대어,20
꿰맬,1
문지르고,4
뺀,2
높여,6
가서,7
참고하거나,1
품셈,1
파내고,3
입혀질,2
떨어지지,6
돌아가면서,2
눕히고,3
엇갈려,2
쳐지지,3
옮긴,5
쓰러지지,2
식재한,2
해거나,1
가꾼다,2
지피,1
남기고,4
줄이면서,1
달라붙지,2
녹이는,1
두드리거나,2
달구면서,1
두드리면서,1
편다,12
밀거나,5
적시면서,1
치거나,8
뚫기도,4
물리거나,1
틀거나,1
굽히기,1
가한다,11
터지지,1
붙이기도,8
읽기,3
하기로,4
뜯음,1
하여도,1
지우는,1
주고받으며,3
다루기도,5
보내도록,3
하였는지,4
심도지시계기,1
담기게,4
채워지면,3
채워진,6
는,8
받친다,1
달군다,1
떨어뜨리,1
두드리고,1
굽힘,5
잘라내어,3
달구어,2
살펴본다,8
붓거나,5
묻힌다,3
물림하여,1
권한다,4
해주기도,6
끼우기,2
걸어서,6
되었을,14
잠근다,10
메우거나,4
피대,1
꾸미는,1
되었으면,3
뜨는,2
당김줄,2
짜였는지,2
늘어진,4
묶고,9
걸쳐진,1
묶기도,4
침지하거나,2
인면의,3
인면을,2
샌,12
팅기로,1
찾아온,1
걸리지,2
않는지,7
줄질,2
달군,1
일러,11
끼우거나,5
입재의,1
벤,15
출기,3
지가를,2
인당,1
세워진,2
넣으면서,2
맞,11
움직여,21
벌어지지,1
않았는지,9
떨어지도록,4
열리면,2
메우고,7
않기,2
닦기,3
차린다,2
먹줄,6
잡아당기며,2
뛰어넘은,2
떼어내거나,1
얼룩진,3
문지르거나,2
채워지도록,1
들어내고,4
세퍼,3
지키는지를,1
살피는,1
보내기도,3
비우고,2
배치하거나,6
푼다,8
출의,3
덮고,11
덮은,6
걷어내고,3
들어간다,1
나가지,2
얻게,1
들어올려,1
내려놓는다,4
감도를,6
파내,1
본한,5
옮기기,4
바르기,4
돌려서,7
침기,1
씌울,1
뿌려진,1
들에,5
식히는,2
쐬어주는,1
삶거나,2
담갔다,1
말리는,1
마시는,1
시들지,3
키우는데,1
나노전자,1
바뀌지,3
입은,2
자라는,4
자랄,1
하여야,3
구워,2
문질러서,3
걷어,4
됐는지,1
조였던,1
밀려,2
닦이지,1
몰아,3
깔,5
담긴,27
피니,2
돌리,9
팅기어,1
흘러나오는,2
본으로,2
하도,7
묻혀서,1
물림,20
대에,7
말아지면,1
합쳐,1
들어갈,9
묻는다,2
되면서,8
쌓이는,2
가해주는,2
가해주면서,2
보내거나,6
섞일,2
낮춰서,1
입고한,3
출과,6
출이,3
씌운,3
심재,2
구부린,2
거친다,6
드러내지,1
어울릴만,1
되지는,1
추진하거나,1
선진노,1
재수리,1
떨림,5
돌아오면,2
벗기거나,2
털어서,1
출하전,1
줄이면서도,1
옮기거나,2
알아낸다,7
접가지에서,1
뽑아,19
주며,5
나오도록,3
끈다,1
참하여,1
멈추고,14
들려오는,1
묵고지를,1
젓고,1
풀린,4
건져,2
삶아진,2
가라앉거나,1
꺼리,1
늘려가며,1
당긴다,6
질하거나,2
망치질,2
끼어들지,1
편수에게,1
빠짐,3
늘어짐,1
끼우기도,3
닿게,1
갈라지는,2
깎인,2
넘기면서,1
접히거나,1
옮겨진,1
남는,2
탈질,1
보내주는,2
하겠다는,1
배우고,4
실린,2
재어,5
켜지도록,3
판,4
켜지면,3
알아야,1
붙일,3
내우,1
기다릴,1
한하여,5
얻어야,1
임면한,1
불리는,1
붙어있는,7
뚫어야,1
배기구,1
비전을,1
느껴지는,1
들리는,1
온전히,1
받아졌는지,1
걸침,2
않거나,5
걸친다,2
걸림,1
않던,1
깨지지,1
올라가면,3
올려준다,1
적실,1
찍어내고,2
없어질,1
적고,4
크로,7
탈수기에,4
깎는,1
기울여,6
입도계를,3
행해진다,2
넣은,31
섞이게,1
쉽고,5
메운다,8
적셔,3
열재,1
띄움,1
가두어놓은,1
서가에서,1
접안하는,1
접안을,4
돕도록,2
접안에,1
짜주거나,2
맡는다,2
바꾼다,7
흘러나오거나,1
집어서,2
누르거나,8
빼내고,10
문지르,1
긋기도,2
꺼내고,8
재서,4
알리거나,2
담으며,1
댄다,7
빼내는,1
남기로,1
세우기에,2
보여주며,2
살펴보는,1
찢고,1
훑어서,1
펴거나,1
지어,1
넘겨,5
접어,3
알고자,1
만나거나,1
매거진,3
안아주기,1
쓰다듬기,1
기르는,2
크를,2
벤질,1
나누는,2
본뜨기,1
고른,4
보살피,1
살펴본,1
닫도록,2
덮인,1
기울인다,1
나가,4
들려주는,1
비추어,6
쳐놓는다,1
그렸는지,1
들여와,2
깔아주고,1
닦아주고,1
쏟은,1
식히고,1
썩은,3
불리기,1
불린다,1
끓인다,2
깐,1
막아,1
기울이기,1
돌리거나,12
받치,1
짜인,7
나누고,7
받기도,8
작동시키며,3
기울어지거나,1
뒤틀린,2
앉는,1
기대는,1
탄과,1
입기,2
꾸리기,1
꿈치,1
데리러,1
기다렸다가,1
나간다,1
맡은,1
살리고,2
불러일으키도록,1
자기주도,1
바꾸기도,4
더불어,7
되는가를,1
올릴,4
싶은,2
찌기,1
돌린,1
쪄진,1
채우거나,1
묻히고,3
바르,4
짜여진,2
돌리면서,3
클로,1
씻기도,1
끝나고,1
무너지지,1
멈추게,2
합하,1
일어난,3
옮길,2
달린,8
할수,3
풀리는,1
띄어,2
끊어져,3
실려,3
담그기,2
안내하거나,2
새겨진,3
잠근,2
꾸거나,1
건져내어,1
보며,7
되고자,1
익혀진,2
익혀졌으면,1
쬐어서,1
담그어,1
굳힌다,2
시키는지,2
볶아지는,1
볶아진,3
빼서,2
생기거나,1
벗어난,5
얹고,3
들어내어,3
가늘어지지,1
눌러지도록,1
꺼내기도,2
비춘다,1
뚫을,4
갖다,5
합하는,1
얹어놓고,2
팅기계의,1
지필에,1
달아서,2
헐,2
얻어내고,1
만들어주고,1
녹인다,3
겨있는,1
베어,4
매고,1
흔들림을,2
잠김을,2
떼어내기,1
차도록,2
없앤다,3
올려놓은,3
뜯어내기,1
합구,1
이루는,5
막힘은,2
버린다,4
묻도록,2
돌려가며,3
걸어주도록,1
돌봄,2
잘려서,1
바꾸도록,1
카테,1
속이,3
비어있으며,1
들어가지,6
않음,2
없애고,1
낮춘다,3
막히거나,2
부딪힘,2
새지,3
냄,4
터짐,3
기고하거나,5
맡기도,1
넣을,1
이어지면서,1
흔들림,4
되므로,4
지우고,2
오려내고,1
깔아서,1
섞임,1
채우기,3
와셔가,1
갖춰야,2
시켜주기,1
보낸,1
스며들지,2
파낸,1
비어있는,2
누름,3
떨어지면,6
올림,3
누르도록,1
하면용,1
뒤집고,3
출고하거나,1
펴주거나,1
섞어주는,1
끓임,3
꾸며진,1
읽는,1
잘라내고,7
나오기까지,1
들지,1
감추어,1
이루는지,1
추실에,4
개어주거나,1
옮기면서,1
걷고,3
추실,3
잘릴,1
말소,4
섞이는지,2
듣거나,2
걷는,2
씻기,2
친다,9
되어질,1
둘러가며,1
일구는,1
비뚤어지지,1
빗어,3
오려,4
늘릴,2
늘이거나,1
넓혀,2
부러지거나,2
막고,5
씌우거나,3
잡아당기고,3
떼어내는,2
도와주며,2
맞닿은,2
주무르거나,6
문지르는,1
삼는다,2
갈라지거나,2
틀어지지,2
세우기도,3
재면의,1
굽음,1
당기거나,2
눌러서,7
막힘을,4
막혔을,1
행해지는,1
쓰러,1
행해지는지,1
만져서,3
맞춘,6
넣어서,5
깎을,1
긋는다,2
빠질,1
빠져,2
나간,4
멈추면,2
녹기,2
얼어,1
눌러주도록,1
나오기,3
베고,4
베어주고,1
베어내는,1
끼워줄,1
찍는다,11
흔든다,2
보여주어,1
남긴다,3
깎으며,1
거칠어진,1
자르,6
벌어짐,5
튼,1
맞추거나,1
주는지를,1
찌그러짐을,1
불러내고,1
되돌아온,1
감도가,1
해지,2
내림으로써,1
뛰어내리는,1
털리,1
찍은,5
문지를,3
찍어서,2
하는가를,9
물들이,1
작동시킨,6
살펴서,4
걸린,3
치어를,2
밟거나,3
다듬으며,2
읽으며,1
외우고,1
부르고,1
닥칠지,1
모르는,1
없앰,1
갖춘다,3
가한,7
배운다,2
보인다,6
찍거나,2
해온,3
권하고,2
갈라짐을,1
이루어지는지를,5
바른지,1
구부러진,5
두를,1
볶거나,1
품질면에서,1
입고에서부터,1
됨에,3
지르,1
질계,2
흔드는,1
쪼이도록,1
오퍼,14
문질러주도록,1
경화시켜,2
시키고자,3
경화시킨,1
부는,5
경화시키고,1
일어나면,1
마쳐진,1
보게,1
가합,2
어긋나면,1
가하고,4
배우기,1
시키는지를,1
몰,6
재실시하여,1
접지면의,1
받게,2
잘라주는,1
남김,1
깎음,1
태어난,2
바르며,2
거두는,1
꿰매서,1
치르고,1
짖음,1
기울어지는,1
막히지,2
닫으며,1
옮기는,3
품질지도,1
부풀어,2
오르고,1
오르지,1
이르게,2
나타내면,1
새것과,2
태우거나,2
겨지도록,1
바로잡을,1
넣도록,2
닫아서,1
없애,1
꺼내도록,1
온계,2
나타내기도,1
편질,1
만나,3
된다고,3
내보내는,1
막재로,1
막재를,1
알아본다,4
잠기도록,2
가하기도,2
않으며,1
찌그러지지,1
말려지지,1
태워진,1
떠내려,1
맡기,1
침기에,1
살펴볼,2
끊어짐을,2
팅기,2
곁들인,1
눕히거나,1
해주기,1
지에는,1
넘어진,2
많아져서,1
죽어,1
쏴,1
부풀리게,1
갖추기,1
붙여서,4
떨어지게,3
퍼낸다,2
쌓이도록,1
놓이는,1
잔수,1
까는,1
까고,1
갈아입히거나,1
질하며,1
받도록,2
쓸고,5
찾는,4
고르며,1
설면의,1
울리고,1
맺는다,5
하자를,1
뽑는다,4
먹인다,3
처짐이,1
걸어가거나,1
달려가거나,1
지르거나,1
이루어지지,1
끼어,2
본떠진,2
받아들이는,1
크다고,1
지나치게,1
세우며,4
문을,2
문으로,1
할지,2
흩어져,1
물린,2
빼내거나,2
솟아,1
잇거나,6
튀어나오지,1
골라주고,1
트인,2
맞을,1
만들어지지,1
채우면서,1
세어서,2
녹슬게,1
들,2
쓸거나,1
가하기,3
모아진,2
떨어짐과,1
캘,1
쪼개어진,1
뿜어낸다,1
빨아내고,1
가리기,1
나거나,2
찌그러진,1
심도계를,1
치운다,5
식은,1
찍힘이,1
읽는다,2
담그고,7
녹으면서,1
개면기,1
풀어주는,1
개면한,1
개면,2
풀리에,1
깎,1
맺기,1
녹은,2
부풀도록,1
부풀려진,2
식혀,1
이끌어내는,1
자재운,2
세워질,1
다지도록,1
보는데,1
맞닿는지,1
떨림음,1
나는지,1
알아내고,3
눌러가며,1
녹아나는,1
두었다가,3
맡아,3
춘,2
캐내고,1
작동시키기,1
담아지는,1
업지를,2
쌓기도,2
찾아주는,3
녹사,2
불러일으킬,2
찾아가거나,1
들어가면,2
꿰매는,2
꿰매기도,2
당기고,2
당겨지도록,1
겼는지,1
채워지는,1
부릴,1
마칠,1
세서의,1
갖추었는지,2
인정받을,1
감면,4
키우도록,2
임지에,2
인가를,1
띄운,2
밝혀,1
사한다,3
산세용,1
치대에,4
치대를,1
적치한,6
가져올,1
깨짐이나,1
보냄으로써,1
들어가,3
집수기에,1
살린,1
먹이거나,2
생길,3
보일,5
줄인다,2
두드린다,5
끌어내고,1
끼치는,2
알리려는,1
만질,1
퍼져있는,1
이루어진다,2
크워,1
묶어내고,1
가르고,3
되살리기,1
가져와,1
실릴,1
갈아서,2
흐린,1
쓰고자,1
하였던,1
떨어질수,1
나눈,2
쪼갬,2
깨지도록,1
깨어,1
나도,1
깨서,1
놓아,5
흘러내리지,1
선안을,3
삭이,4
뿌려지도록,1
뚫음,1
보내면서,1
보내지며,1
보내진다,1
막히는,3
받쳐줄,1
놓을,3
알려지지,1
처진,1
기다란,1
둘러싼,1
침자,2
둘러싸,1
조임으로써,1
두르고,2
줄이거나,1
사거나,1
꾸며줄,1
채워줄,1
푸는,1
개소,2
태운다,1
선주에게,3
준해,1
선내,6
나타나게,3
해사,1
시키지,2
내리며,1
핀대,1
겼을,2
맞추도록,1
탄의,4
이어지지,1
읽어주면서,1
읽게,1
담기도록,1
찢거나,1
쪼개면서,1
들어가는지,2
보울,2
막히는지,1
막힌,1
부심사,1
감대,2
걸쳐놓고,3
찾아주고,1
빼거나,1
새것으로,8
끊어지는,3
가하였을,1
집하기,3
견뎌,1
누른,1
내려오도록,1
접혀진,2
잘려진,4
집어넣는,1
심은,1
튀어나오도록,1
떨,1
헤친,3
말거나,1
틀어서,1
걸기도,3
않나,3
벗긴,2
입도계,1
당기는,1
경화시킬,1
쳐놓고,1
쓸어서,1
뚫려있는,1
트임과,1
트임,1
개더,1
갖추어진,1
잠김,2
어울리는지,2
심으며,1
올에,1
싶어,3
살피기,2
타사,2
해지도록,1
조른다,1
묶은,3
묶어진,3
흘러나오지,1
돌려가면서,1
잘라진,2
눌러주어,1
붙게,1
떠낸,4
쌓아놓은,1
떼어서,1
사고내용,1
입고를,4
트실에,1
트실,1
버리기,1
움직이면서,1
짜이는,4
짜이도록,3
끊고,2
집전하거나,1
스치며,1
내려가게,1
다져,3
굳히는,1
끌어내는,1
따른다,1
벗어나,2
하면이,1
죽었거나,1
덮거나,1
부딪히는,1
아물도록,1
삶아,3
죽어가는,1
해운,1
개질하는,1
올리며,1
익힌다,3
가에는,1
불어음,1
해서는,4
꽂혀,1
틀릴,1
집하소,1
오더를,1
때려,1
정해지는,2
다짐기,1
느낀,1
들으며,1
찾아오는,1
사는,1
맺는지를,1
느낄,1
알려주어,1
들러붙은,1
치우기,1
얼어붙은,1
깨뜨리고,1
데워,1
깔린,1
깨어지거나,1
깔면서,1
쪼임,2
말린다,3
파더,1
떼어내,2
떨림을,1
걷거나,1
뛰거나,1
늘리는,1
담기면,1
메워주기,1
닦아내어,2
밝아오기,1
어두워지기,1
씌우기,1
끄,2
쉽,2
닿을,1
감아주고,1
일러에,8
긁어서,3
끌어내린다,1
다닌다,1
필치,1
기계실을,1
두드리며,1
돌보도록,1
두는,1
보고하거나,1
넘기는,1
가져온,1
물림대,2
막혀,3
편수와,1
바꾸어주는,1
빌더,2
용도구,1
탄기로,1
녹여주는,1
입혀지도록,1
나눠,1
심도를,4
파자리,1
감싼다,2
비전에,1
비전은,1
앉아,3
움직이는지,1
껐다가,1
꺼지는,1
펴지는지,1
키우고,3
피는,1
흘려주어,1
되어서,2
돌아보면서,1
입혀지면,1
업소,2
깎아내도록,1
낀,1
쪼개진,2
잘라졌는지,1
선보이기,1
신었을,1
뜯는,1
끊어지거나,6
비뚤어진,2
서에서,2
선보이거나,1
지나친,3
만들며,2
집전하고,1
집전,2
벗어나도록,1
사할,1
질잔,1
용은,1
걸리기,1
켜기,4
불린,1
문지르면서,1
찾아낸,1
켜기를,1
어러와,1
높임으로써,1
포개고,2
쌓이면,4
흘러내린,2
받칠,1
잡아낸,1
노거수를,1
피니셔의,3
설되,1
설하,1
꽂아주는,1
멜,1
잡히면,1
가릴,1
살릴,5
익혀서,1
틀어짐,1
이루고,3
이루도록,3
굳힌,3
입혀진,1
주무르고,1
됨이,1
쏟아지지,1
흘려,3
감용,1
펼친다,2
펼쳐지도록,1
펼친,1
올리면,1
말리면서,1
가해져,1
메고,1
오르내리,1
쪼갠다,3
입히,1
익히게,2
불러,10
들인다,9
맞추어서,2
나가며,1
본에,3
움직이면,1
움직이도록,1
들기,2
거침,1
찾거나,3
그려서,2
사라지거나,1
일어날,2
이룸,1
부서지게,1
해있는지,1
집진실의,1
사구,1
책임지,1
녹일,1
가져,1
잃고,1
병들었거나,3
치우는,1
얻고자,2
크고,1
침지하여,1
풀리기,2
잇기,3
닫는,2
붙임,3
키우는,1
버리거나,1
식재하기,1
풀리도록,2
두른다,2
포개어,2
꿰매어,3
가두기,1
내보낸다,1
털어내고,1
뗀,1
깎기를,1
값싼,1
선다,1
털고,1
빠져나가지,1
썰어,2
시들거나,1
올라오면,1
먹지,1
짓는,1
치어의,1
출어선,1
침지되,1
떨어뜨려,2
않으므로,1
두었다,1
붙는,2
받이,3
내리도록,1
돌려줄,1
도려낸다,1
밀려온,1
느끼고,1
메다는,1
디딤,1
알림기로,1
느꼈던,1
가고자,1
나갈,2
돌려주거나,1
잘라지는,1
풀어지고,1
잡아당기,2
험,6
길러주기,1
느끼는,2
걸리게,1
펼쳐지면,1
지립,1
뽑아서,1
지립의,1
매단다,2
다니거나,1
얽힘,2
이르도록,2
찢어지는,1
새는지,1
틀어,2
찾아내도록,2
했던,2
받치게끔,1
나오는지의,1
주고받는다,3
이끌,1
걸리는,2
담그는,1
아실,1
녹고,1
지는지를,1
끌거나,1
들어서,4
젓거나,2
일어났으면,1
일어나도록,1
찾을,2
합용,1
기울어지게,1
잡아당기거나,1
본이,1
찾아가,1
풀단,1
찾아주거나,1
넘지,3
닫힘,2
울러,1
넘어갈,1
적히는,1
매거진에,1
써진,1
넘어가거나,1
잡는데,1
했는지,4
끝낸,2
메거진,1
메거진을,1
대본안을,1
남기,1
들거나,2
바꾸어가며,1
나뉜,1
찢어졌거나,2
둥글리고,1
내리면,1
빠져나가기,1
기다리도록,1
잡하,1
개자리,1
놓기에,1
함실,1
놓,2
집용,1
되어도,1
집하는,1
적시,2
어려울,2
떠냄,1
끓여,1
달구어진,1
해있을,1
개어,2
문지른,1
먹지를,2
옮기,3
외은,1
개실에서,1
띄워주는,1
싼,2
사들여서,1
남겨,2
남기기,1
갈아입히기,1
떨어짐,1
들퍼,1
온하거나,1
탈인을,1
받아들이면,1
끌어오기,1
끝났을,1
가져와서,2
문지르며,1
부러지지,1
걸쳐놓은,1
지켜보며,3
삼가야,1
보이거나,3
오는,3
키울,2
잘리는,1
담겨지는지,1
적거나,3
펼쳐놓는다,1
굴러,3
스며들도록,1
집재,5
쌓을,1
끌기에,1
깐다,5
메어,1
내려놓을,1
무너지거나,2
벌리고,1
맞추어진,1
이루기,2
뚫려,1
죽면의,1
먹줄로,2
갈아입은,2
끌리거나,1
밟히거나,1
흘러내리거나,1
들어주고,4
펴준다,1
펼쳐주는,3
매거진을,1
나아가,1
써도,1
나오고,1
넘겨준,1
끊어지지,1
가느다란,1
붙어있거나,1
넘어,2
떠있는,1
되었는가를,3
추가하거나,1
차입자는,1
하므로,4
하였다가,1
채,1
찢기거나,1
더러워진,1
노내,1
선내에서,1
출하소,1
찍어내어,1
떨어뜨린다,1
퍼지도록,2
다듬으면서,1
부딪혀,2
깨지는,1
끼우기가,1
집면,1
넣으면,1
열린,2
켜서,3
일으키기,1
녹아,2
돌리며,4
열면,1
닫히면,1
열게,1
합되,2
올라간다,2
박테리,1
되어진,3
담겨지도록,1
크거나,1
잠길,1
묻어나지,1
긁는,1
값싸게,1
잠그면서,1
뿌려주어,1
추실에서,1
입고가,2
말려,2
넣었던,1
열수,1
지나갈,1
튀겨져,1
집어내어서,1
돌봄이,1
병들거나,2
닫히는,1
빠뜨린,2
자르지,3
때우기도,1
지우기도,1
찾아내거나,1
바뀌면,1
다루어,1
감사하는,1
두며,1
들어도,1
이끌어내고,1
벗어나지,2
풀렸거나,1
합치는,1
지르도록,1
달거나,3
입어볼,1
맡긴다,1
센다,1
잠그거나,1
깎여,2
지거나,2
지워지지,2
넣어다가,1
끼워주고,1
멈춘다,3
놓여지는,1
가려낸다,2
가려낸,1
모으거나,3
푸져,1
인정받은,1
갖추면,2
기시,1
입고부터,1
기는,2
고친다,1
나타내어,3
빌,2
드시,1
펴놓는다,1
뒤집는다,2
뒤집어진,1
씌워진,1
벌려,1
안진,3
고른지,1
새기는,1
이르지,1
설계안에,1
세워지고,1
설계안대로,1
집어넣어,2
채울,2
끊어지는지,1
겨지면,1
맞추기도,1
가도록,1
묻지,4
추려진,1
판에,3
구부릴,1
보인,1
젓는,1
굳어진,2
닳아진,1
뛰는,1
누르며,2
굳힘,1
건져내는,1
잰,1
임야지를,1
올라가거나,1
썩혀서,1
썩어가는,1
따기,1
올라가서,1
밝혀내기,1
열구전,1
임지로,1
적재지로,1
움직였을,1
흩,1
끌어당기고,2
누르는,3
흘러내리게,1
멈춘,3
펴진,1
적시어,1
삶고자,1
매거나,1
끊어,1
끌어당겨,2
찼,1
둘러,1
풀려,1
팅기계에,1
다듬을,1
멈추도록,1
나타나지,1
구워지는,1
구워진,1
탈사,2
만들어질,2
나타내며,1
따르거나,2
넘는지,1
사하여,2
처짐,2
하기까지의,2
품질지수를,1
탈거하여,1
배우거나,1
거칠,2
넘거나,1
이루어지게,1
지며,1
업은,2
넘기고,1
다려,1
세워서,1
섞이도록,1
가지면서,1
뭉쳐지도록,1
뒤집어주면서,1
친해지도록,1
흔들림과,1
났을,1
닳아서,1
쓰게,1
짜졌을,1
꽂이,1
짜놓은,1
가져다,1
버티,1
나오게끔,1
끝나기,1
풀러로,1
주물러,1
입었던,1
좁히,1
말리기,1
읽어주는,1
묶임,1
망치를,1
틀린,1
포개놓고,1
물용,3
입고하여,1
풀용,1
막혔는지,1
섞여,2
집진실로,1
가져간다,2
집진기로,1
않아야,1
나타나는지,1
머무는,1
뛰지,1
좋아졌는지를,1
퍼지,1
묶이도록,1
맺,1
버팀,1
고르거나,1
잡으며,1
듣는다,2
들안으로,1
부르,1
차전지,1
빌려주고,1
찾아가지,1
올라온,1
적게,2
늦추며,1
가와의,1
하여지는,1
들로,2
침줄,1
보내어주는,2
빠져나가게,1
낮추는,2
구겨지지,1
묻어나면,1
잡아당길,1
일어났는지,1
크래,1
험기에,1
끝내고,1
끊어짐,2
탈거한,2
접어지는,1
접어진,2
되었나,1
말아야,1
들어오는지,1
읽거나,3
기를사,1
흩어짐,1
일그러짐,1
드러난,1
들에게,2
찌는,2
물들인다,1
물들이는,1
넘어온,1
익힘,1
담기는,1
부딪히게,1
풀이하거나,1
타고난,1
짓기도,1
읽을,1
떼고,1
이기는,1
꺼낼,1
끼워서,4
물어보고,3
가라앉히기,1
누름기,1
접어주는,3
올수,2
끊겨서,1
싸기도,2
안정화시킬,3
줄임,2
도려내거나,1
흔들,1
하면서도,1
오실,1
풀리와,1
주는지,1
비었거나,1
빨아들이는,1
꺼내거나,1
감기는지,1
허,1
준거하여,2
되어지면,1
엉클어지거나,1
갈아입히며,1
익숙해지도록,1
먹여주거나,1
채워서,1
들어가기는,1
쉬우나,1
돌아,1
끝나,1
해를,1
뽑은,1
적셔서,1
싸고,1
버팀대,2
담금실로,1
만들면서,1
한꺼,1
바뀔,2
구워지면,1
뿌려지는,2
맞닿게,1
얹어,1
얼게,1
집어내어,1
막기도,1
어긋나지,1
미끄러져,1
돌아온,1
죽데,2
골라내는,1
켜기에,1
켜져,1
다듬어지도록,1
접지기,2
받이로,1
골라내기,1
찰지고,1
차지시서,1
골게,1
도드라지게,1
새긴,1
파인,2
식재지까지,1
사질,2
본수를,1
떨어질,1
베거나,1
타다,1
입었을,1
뽑아져,1
잘려지는,1
살펴보기도,1
쏟는다,1
되었는지에,1
이었는지를,1
사하도록,1
돌보기와,1
젖울,1
보이기,1
맞추어지면,1
맡는,1
태어났을,1
늘어난,1
삽지를,1
달라지는,1
뒤틀림을,1
가져다준다,2
털기,1
찬기,1
다니는,1
보내며,1
문,1
밟기도,1
날아가지,1
새겨지지,2
따내는,1
않는다,1
드리워,1
다는,2
접안하면,1
내려주는,1
매게,1
찾아가서,2
깨뜨리거나,1
부추기는,1
돋아,1
일어설,1
붓도록,1
깨지거나,1
경화시키,1
밀리거나,1
벗어나는,2
밟기,1
맡긴,1
돌려주는,3
가하고자,1
올려주기,1
해기에,1
해수,1
넘겨받아,2
잇기를,1
짜지는,1
파며,1
버려지는,1
열용,1
타주를,1
모여,1
열림,1
올려놓거나,1
빠져나오는,1
찢기,1
뜯어내고,1
짜내기,1
벌려서,1
뽑아내거나,1
잇기도,1
하든가,2
담도계에,1
닫으면서,1
빌리고도,1
갚아야,1
볶기,1
볶아지는지,1
지나가지,1
뚫리도록,1
뚫리면,1
말아서,2
싣기도,1
짜,2
침지를,2
문하거나,1
흘러가도록,1
흘러가는,1
눕히게,1
뽑거나,1
단리,2
긋기,2
재하,1
접용,1
불대,1
맞대고,1
견디기,1
매을,1
적은지,1
감싸준다,1
내게시기,1
찍어낸다,1
말아줄,1
씻고,2
겪고,2
쉼,1
씻거나,1
찾아보고,1
흐르는가를,1
건져내고,1
골라내서,1
접해,1
덮어주며,1
재구를,1
싸기,1
붙음,1
달라붙음,1
벌어지거나,1
도와주거나,2
꺼내서,1
비추고,1
짓기,1
고르고,1
메운,1
놓으며,1
박힌,1
닳고,1
침지와,1
막은,6
만들어진다,1
부풀린다,1
쏟거나,1
빨아내어,1
해당,1
이루워,1
지는지,1
모여있는,1
거둬들인다,1
해하거나,1
잃은,1
빠져나온,1
잘림,1
먹줄이나,1
파도못을,1
않은지를,1
써,1
말리도록,1
지필이,1
지필을,1
지필,1
쉬우므로,2
닮,1
얻어내어,1
나아갈,1
찾으면,1
마시면서,2
넣지,1
가하,1
만들어졌는가를,1
산록,1
선을,1
올려놓,2
열실,1
미끄러지지,1
찢어짐,1
전해지,1
전해지의,1
어긋남,1
채워졌는지,1
피니셔,1
긋는,1
오가,1
쌓여,2
긁어내도록,2
쏟아주면,1
넣어놓고,1
달라붙어,1
없어지거나,2
쓰이며,1
출하는지를,1
이뤄지지,1
섞어서,2
세세한,1
주면서,1
버리고,1
매어,1
뽑도록,1
뽑힌,1
높아지는,1
작동시키면서,1
내려지도록,1
박히게,1
맞붙인다,1
덮이게,1
덧붙여,3
바꾸면서,1
움직이게,1
배대,2
묻히며,1
끊어짐이나,1
해가면서,1
붙임을,1
붙임과,2
뜬,1
박으며,1
할퀴기,1
탈용,2
일러의,1
감싸,1
오염시키는,3
높여주는,1
열하여,1
열하는,2
닿도록,1
잡도록,1
얹는다,1
펼쳐져,1
달라붙는,1
읽어서,1
생겼는지,1
찍도록,1
바꾸어주며,1
들어오거나,1
해준,1
물림을,2
심어지는,1
부러졌거나,1
핀을,1
붙여가면서,1
매면서,1
그립에,1
쬐여,1
뿌려서,1
깬다,1
끌어내어,1
경사진면을,1
파놓은,1
끔,1
지워,1
어리를,1
닳은,1
질기에,1
빗는다,1
타실에서,1
이루어짐에,1
해지에,1
해지를,1
잦은,1
인정받아,1
쪄,1
작동시키거나,1
벗어나는지를,1
이루어,2
살리는,1
엇갈리게,1
드시네,1
걸치거나,1
입는다,1
돌고,1
선보인다,1
입어보게,1
추는,1
기다려,1
둘러보며,1
거둘,1
마친다,1
얻도록,1
끝날,1
올라오는,1
탈수기,2
접거나,2
포개서,1
흘러내림에,1
모아지는,1
집수지의,1
담갔던,1
돌보고,1
짜이지,1
크에,1
흘러,1
부각시키기,1
부서지거나,1
남아있을,1
모을,1
보낼,1
태울,1
푸,1
갈아입도록,1
얹는,1
따르기,1
드리기,1
돌아가신,1
드리,1
되어있는지,1
일어나기,1
세우거나,2
지나가면,1
미끄러짐,1
떠오르는,1
가라앉은,1
띄는,1
박기용,2
밴,1
따서,1
합지를,1
사각이,1
배면지를,1
합지하기,1
합지하고,1
익은,1
안정화시킨다,1
갤,1
좋아지는지,1
크면,1
배우고자,1
돌아다니며,1
멀어질수록,1
커지는,1
그려졌으며,1
만나는,1
튀김기에,1
익히며,1
익히고,1
갖기도,1
빼어,1
추려,1
끌려,1
넓힌다,1
태우고,1
판용,1
켰다,1
껐다,1
쪼임을,1
올리도록,1
용기라면,1
물리도록,1
굽히는,1
굽혀,1
이어지는,1
갖기,1
탈수기로,2
걸어주면,1
이끌어주고,1
튀긴,1
식힌,2
길러지면,1
펼쳐놓고,1
이라,1
만듦,1
다듬음,1
얹으려고,1
얹히는,1
건너는,1
받치는,1
편수의,1
짜면,1
대는,1
꿰뚫어,1
고름질,1
놓이게,1
이겨,1
피운,1
이긴,1
알매,1
줄이,1
맞닿을,1
이을,1
붙어있게,1
얹힌,2
대며,1
뜸기,3
밝혀지지,1
빠짐을,1
떠내고,1
베게,1
떠내기,2
쌓아가다가,1
빼준다,1
포개거나,1
끊여,1
삶은,1
나가게,1
멎을,1
잡아낸다,1
삼실,1
합지에,1
합지하거나,1
다듬어진,1
포개기,1
않았거나,1
이뤄지도록,1
말린,2
캐노,1
되었음,1
탈하여,1
따르는지,1
적혀진,1
탈거,1
밟도록,1
심도있는,1
받이대,1
흘러내림,1
보내지는,2
하기의,1
내렸을,1
낮추어,1
선내의,1
함하여,1
끊어질,1
얻어지면,1
지킨다,1
보도면을,1
나서,1
나타냄과,1
지키는지,1
할지에,1
이루어지기,1
품구,1
매서,1
가두는,1
갈려진,1
살핀,1
그립을,1
이르면,1
파내어,1
댄,1
묻는,1
묻을,1
밝혀지면,1
보내서,1
열리고,1
닫혔는지,1
맞는다,1
출에,1
사라지는,1
건네,1
들어다,1
정해지지,1
건네주고,1
만실,1
꾸리는,1
겼던,1
흩어지지,1
사라짐,1
깎이는,1
멈춤나사,1
벗기지,1
빠졌거나,1
들이치는,1
쌓도록,1
묶기,1
감길,1
심재지와,1
심재지,1
안자,1
끼칠,1
달려있어,1
돌아가도록,1
지키며,1
알아보고,1
알아보는,2
벗어나면,1
피어있는,1
비운다,1
집하,1
생기는지,1
뒤틀리거나,1
적으며,1
달리는,1
밟는,1
담가서,1
없애는,1
품질실사,2
채움,1
웃길,1
